{
  "mortalityRates": {
    "Male": [
      0.03732, 0.00574, 0.00288, 0.00155, 0.00115, 0.00104, 0.00092, 0.00079,
      0.00072, 0.00066, 0.00064, 0.00063, 0.00062, 0.00063, 0.00069, 0.0007,
      0.00079, 0.00082, 0.00095, 0.00104, 0.00113, 0.00113, 0.0012, 0.0012,
      0.00128, 0.00124, 0.00129, 0.00133, 0.0014, 0.00146, 0.00144, 0.00154,
      0.00168, 0.00173, 0.00187, 0.00196, 0.00207, 0.00218, 0.00238, 0.00251,
      0.00258, 0.00265, 0.00307, 0.00311, 0.0033, 0.00363, 0.00375, 0.00404,
      0.00439, 0.00472, 0.00496, 0.00521, 0.00603, 0.00644, 0.00685, 0.0072,
      0.00814, 0.00879, 0.00974, 0.01055, 0.01098, 0.01181, 0.01384, 0.01472,
      0.016, 0.01751, 0.01817, 0.02039, 0.0231, 0.0252, 0.02698, 0.02958,
      0.03509, 0.03808, 0.04241, 0.04682, 0.05085, 0.05655, 0.0637, 0.07004,
      0.07674, 0.08343, 0.09567, 0.10377, 0.11744, 0.12623, 0.1406, 0.15534,
      0.16762, 0.18498, 0.20055, 0.22195, 0.24656, 0.26344, 0.28696, 0.31154,
      0.33602, 0.3608, 0.38553, 0.40983, 0.42875, 0.44615, 0.46193, 0.4757,
      0.48706, 0.4967, 0.50627, 0.51561, 0.52475, 0.53367, 0.5424, 0.55093,
      0.56134, 0.57151, 0.58146, 0.59117, 0.60066, 0.60993, 0.61898, 0.62783,
      1.0
    ],
    "Female": [
      0.02792, 0.00424, 0.0021, 0.0011, 0.0008, 0.00072, 0.00063, 0.00053, 0.00048,
      0.00044, 0.00042, 0.00041, 0.0004, 0.00041, 0.00045, 0.00046, 0.00054,
      0.0006, 0.00064, 0.0007, 0.00075, 0.00076, 0.00083, 0.00085, 0.00093,
      0.00093, 0.001, 0.00107, 0.00117, 0.00126, 0.0013, 0.00144, 0.00162,
      0.00173, 0.00194, 0.0021, 0.0023, 0.00249, 0.00277, 0.003, 0.00318, 0.00338,
      0.00383, 0.00399, 0.00427, 0.00463, 0.00483, 0.00514, 0.00546, 0.00577,
      0.00598, 0.00615, 0.00671, 0.00693, 0.00711, 0.00724, 0.00781, 0.00818,
      0.00876, 0.00925, 0.00953, 0.01022, 0.01182, 0.01261, 0.01376, 0.01512,
      0.01591, 0.01793, 0.02041, 0.02249, 0.02443, 0.02706, 0.03196, 0.03506,
      0.03926, 0.04359, 0.0477, 0.05314, 0.05974, 0.06577, 0.07214, 0.07854,
      0.08915, 0.09672, 0.10854, 0.11679, 0.12936, 0.14236, 0.15379, 0.16935,
      0.18402, 0.20341, 0.22558, 0.24248, 0.26479, 0.28758, 0.31003, 0.33235,
      0.35448, 0.37629, 0.39431, 0.41167, 0.42857, 0.44497, 0.46082, 0.4761,
      0.49079, 0.50486, 0.51829, 0.53108, 0.54322, 0.5547, 0.56709, 0.57879,
      0.58979, 0.6001, 0.60972, 0.61866, 0.62692, 0.94417, 1.0
    ]
  },
  "marriageRates": {
    "Male": [
      0.00, 0.00, 0.00, 0.00, 0.00, 0.00, 0.00, 0.00, 0.00, 0.00, 0.00, 0.00, 0.00, 0.00, 0.00, 0.00, 0.1,
      0.2, 0.3, 0.4, 0.5, 0.5, 0.5, 0.5, 0.5, 0.5, 0.4, 0.4, 0.4, 0.4, 0.4, 0.35, 0.35, 0.35, 0.35, 0.35, 0.3,
      0.3, 0.3, 0.3, 0.3, 0.25, 0.25, 0.25, 0.25, 0.25, 0.25, 0.2, 0.2, 0.2, 0.2, 0.2, 0.2, 0.2, 0.2, 0.2, 0.2,
      0.1, 0.1, 0.1, 0.1, 0.1, 0.1, 0.1, 0.1, 0.1, 0.1, 0.1, 0.1, 0.1, 0.1, 0.1, 0.1, 0.1, 0.1, 0.1, 0.1,
      0.1, 0.1, 0.1, 0.1, 0.05, 0.05, 0.05, 0.05, 0.05, 0.05, 0.05, 0.05, 0.05, 0.05, 0.00, 0.00, 0.00, 0.00, 0.00, 0.00,
      0.00, 0.00, 0.00, 0.00, 0.00, 0.00, 0.00, 0.00, 0.00, 0.00, 0.00, 0.00, 0.00, 0.00, 0.00, 0.00, 0.00, 0.00, 0.00, 0.00,
      0.00, 0.00, 0.00, 0.00
    ],
    "Female": [
      0.00, 0.00, 0.00, 0.00, 0.00, 0.00, 0.00, 0.00, 0.00, 0.00, 0.00, 0.00, 0.00, 0.00, 0.00, 0.00, 0.1,
      0.2, 0.3, 0.4, 0.5, 0.5, 0.5, 0.5, 0.5, 0.5, 0.4, 0.4, 0.4, 0.4, 0.4, 0.35, 0.35, 0.35, 0.35, 0.35, 0.3,
      0.3, 0.3, 0.3, 0.3, 0.25, 0.25, 0.25, 0.25, 0.25, 0.25, 0.2, 0.2, 0.2, 0.2, 0.2, 0.2, 0.2, 0.2, 0.2, 0.2,
      0.1, 0.1, 0.1, 0.1, 0.1, 0.1, 0.1, 0.1, 0.1, 0.1, 0.1, 0.1, 0.1, 0.1, 0.1, 0.1, 0.1, 0.1, 0.1, 0.1,
      0.1, 0.1, 0.1, 0.1, 0.05, 0.05, 0.05, 0.05, 0.05, 0.05, 0.05, 0.05, 0.05, 0.05, 0.00, 0.00, 0.00, 0.00, 0.00, 0.00,
      0.00, 0.00, 0.00, 0.00, 0.00, 0.00, 0.00, 0.00, 0.00, 0.00, 0.00, 0.00, 0.00, 0.00, 0.00, 0.00, 0.00, 0.00, 0.00, 0.00,
      0.00, 0.00, 0.00, 0.00
    ]
  },
  "fertilityRates": {
    "Male": [
      0.00, 0.00, 0.00, 0.00, 0.00, 0.00, 0.00, 0.00, 0.00, 0.00, 
      0.00, 0.00, 0.00, 0.00, 0.00, 0.00, 0.00, 0.00, 0.00, 0.00, 
      0.00, 0.00, 0.00, 0.00, 0.00, 0.00, 0.00, 0.00, 0.00, 0.00, 
      0.00, 0.00, 0.00, 0.00, 0.00, 0.00, 0.00, 0.00, 0.00, 0.00, 
      0.00, 0.00, 0.00, 0.00, 0.00, 0.00, 0.00, 0.00, 0.00, 0.00, 
      0.00, 0.00, 0.00, 0.00, 0.00, 0.00, 0.00, 0.00, 0.00, 0.00, 
      0.00, 0.00, 0.00, 0.00, 0.00, 0.00, 0.00, 0.00, 0.00, 0.00, 
      0.00, 0.00, 0.00, 0.00, 0.00, 0.00, 0.00, 0.00, 0.00, 0.00, 
      0.00, 0.00, 0.00, 0.00, 0.00, 0.00, 0.00, 0.00, 0.00, 0.00, 
      0.00, 0.00, 0.00, 0.00, 0.00, 0.00, 0.00, 0.00, 0.00, 0.00,
	  0.00, 0.00, 0.00, 0.00, 0.00, 0.00, 0.00, 0.00, 0.00, 0.00,
      0.00, 0.00, 0.00, 0.00, 0.00, 0.00, 0.00, 0.00, 0.00, 0.00, 0.00
    ],
    "Female": [
      0.00, 0.00, 0.00, 0.00, 0.00, 0.00, 0.00, 0.00, 0.00, 0.00, 
      0.00, 0.00, 0.00, 0.00, 0.00, 0.00, 0.00, 0.01, 0.01, 0.01, 
      0.02, 0.04, 0.06, 0.08, 0.10, 0.12, 0.14, 0.16, 0.18, 0.20, 
      0.22, 0.24, 0.26, 0.28, 0.30, 0.28, 0.26, 0.24, 0.22, 0.20, 
      0.18, 0.16, 0.14, 0.12, 0.10, 0.08, 0.06, 0.04, 0.02, 0.01, 
      0.00, 0.00, 0.00, 0.00, 0.00, 0.00, 0.00, 0.00, 0.00, 0.00, 
      0.00, 0.00, 0.00, 0.00, 0.00, 0.00, 0.00, 0.00, 0.00, 0.00, 
      0.00, 0.00, 0.00, 0.00, 0.00, 0.00, 0.00, 0.00, 0.00, 0.00, 
      0.00, 0.00, 0.00, 0.00, 0.00, 0.00, 0.00, 0.00, 0.00, 0.00, 
      0.00, 0.00, 0.00, 0.00, 0.00, 0.00, 0.00, 0.00, 0.00, 0.00,
      0.00, 0.00, 0.00, 0.00, 0.00, 0.00, 0.00, 0.00, 0.00, 0.00,	  
      0.00, 0.00, 0.00, 0.00, 0.00, 0.00, 0.00, 0.00, 0.00, 0.00, 0.00
    ]
  },
  "marriageMaxAgeDifference": 5,
  "maximumNumberOfChildren": 5,
  "minimumYearsBetweenChildren": 2,
  "bastardyChanceMale": 0.002,
  "bastardyChanceFemale": 0.001
}
