{
  "desperationMarriageRates": {
      "18": 0.01,
      "25": 0.1,
      "30": 0.2,
      "35": 0.3,
      "40": 0.5,
      "45": 0.7
  },
  "mortalityRates": {
    "Male": [
      0.03732, 0.00565, 0.00283, 0.00152, 0.00112, 0.00101, 0.00089, 0.00076,
      0.00069, 0.00063, 0.00061, 0.00060, 0.00058, 0.00059, 0.00064, 0.00064,
      0.00072, 0.00074, 0.00085, 0.00092, 0.00098, 0.00097, 0.00102, 0.00100,
      0.00105, 0.00100, 0.00102, 0.00103, 0.00106, 0.00108, 0.00104, 0.00109,
      0.00115, 0.00115, 0.00120, 0.00123, 0.00125, 0.00127, 0.00133, 0.00136,
      0.00134, 0.00132, 0.00146, 0.00142, 0.00144, 0.00151, 0.00149, 0.00153,
      0.00158, 0.00162, 0.00163, 0.00163, 0.00182, 0.00187, 0.00191, 0.00195,
      0.00214, 0.00226, 0.00247, 0.00265, 0.00275, 0.00296, 0.00351, 0.00379,
      0.00409, 0.00445, 0.00520, 0.00615, 0.00707, 0.00803, 0.00932, 0.01153,
      0.01327, 0.01558, 0.01813, 0.02078, 0.02423, 0.02848, 0.03274, 0.03745,
      0.04245, 0.05010, 0.05642, 0.06562, 0.07305, 0.08358, 0.09486, 0.10552,
      0.11946, 0.13325, 0.15097, 0.17135, 0.18825, 0.20982, 0.23228, 0.25494,
      0.27789, 0.30104, 0.32422, 0.34433, 0.36398, 0.38329, 0.40220, 0.42061,
      0.43846, 0.45572, 0.47233, 0.48824, 0.50343, 0.51789, 0.53158, 0.54601,
      0.55964, 0.57247, 0.58448, 0.59569, 0.60611, 0.61573, 0.92937, 0.94417,
      1.0
    ],
    "Female": [
      0.02792, 0.00424, 0.00210, 0.00110, 0.00080, 0.00072, 0.00063, 0.00053,
      0.00048, 0.00044, 0.00042, 0.00041, 0.00040, 0.00041, 0.00045, 0.00046,
      0.00054, 0.00060, 0.00064, 0.00070, 0.00075, 0.00076, 0.00083, 0.00085,
      0.00093, 0.00093, 0.00100, 0.00107, 0.00117, 0.00126, 0.00130, 0.00144,
      0.00162, 0.00173, 0.00194, 0.00210, 0.00230, 0.00249, 0.00277, 0.00300,
      0.00318, 0.00338, 0.00383, 0.00399, 0.00427, 0.00463, 0.00483, 0.00514,
      0.00546, 0.00577, 0.00598, 0.00615, 0.00671, 0.00693, 0.00711, 0.00724,
      0.00781, 0.00818, 0.00876, 0.00925, 0.00953, 0.01022, 0.01182, 0.01261,
      0.01376, 0.01512, 0.01591, 0.01793, 0.02041, 0.02249, 0.02443, 0.02706,
      0.03196, 0.03506, 0.03926, 0.04359, 0.04770, 0.05314, 0.05974, 0.06577,
      0.07214, 0.07854, 0.08915, 0.09672, 0.10854, 0.11679, 0.12936, 0.14236,
      0.15379, 0.16935, 0.18402, 0.20341, 0.22558, 0.24248, 0.26479, 0.28758,
      0.31003, 0.33235, 0.35448, 0.37629, 0.39431, 0.41167, 0.42857, 0.44497,
      0.46082, 0.47610, 0.49079, 0.50486, 0.51829, 0.53108, 0.54322, 0.55470,
      0.56709, 0.57879, 0.58979, 0.60010, 0.60972, 0.61866, 0.62692, 0.94417,
      1.0
    ]
  },
  "marriageRates": {
    "Male": [
      0.00, 0.00, 0.00, 0.00, 0.00, 0.00, 0.00, 0.00, 0.00, 0.00, 0.00, 0.00, 0.00, 0.00, 0.00, 0.00, 0.1,
      0.2, 0.3, 0.4, 0.5, 0.5, 0.5, 0.5, 0.5, 0.5, 0.4, 0.4, 0.4, 0.4, 0.4, 0.35, 0.35, 0.35, 0.35, 0.35, 0.3,
      0.3, 0.3, 0.3, 0.3, 0.25, 0.25, 0.25, 0.25, 0.25, 0.25, 0.2, 0.2, 0.2, 0.2, 0.2, 0.2, 0.2, 0.2, 0.2, 0.2,
      0.1, 0.1, 0.1, 0.1, 0.1, 0.1, 0.1, 0.1, 0.1, 0.1, 0.1, 0.1, 0.1, 0.1, 0.1, 0.1, 0.1, 0.1, 0.1, 0.1,
      0.1, 0.1, 0.1, 0.1, 0.05, 0.05, 0.05, 0.05, 0.05, 0.05, 0.05, 0.05, 0.05, 0.05, 0.00, 0.00, 0.00, 0.00, 0.00, 0.00,
      0.00, 0.00, 0.00, 0.00, 0.00, 0.00, 0.00, 0.00, 0.00, 0.00, 0.00, 0.00, 0.00, 0.00, 0.00, 0.00, 0.00, 0.00, 0.00, 0.00,
      0.00, 0.00, 0.00, 0.00
    ],
    "Female": [
      0.00, 0.00, 0.00, 0.00, 0.00, 0.00, 0.00, 0.00, 0.00, 0.00, 0.00, 0.00, 0.00, 0.00, 0.00, 0.00, 0.1,
      0.2, 0.3, 0.4, 0.5, 0.5, 0.5, 0.5, 0.5, 0.5, 0.4, 0.4, 0.4, 0.4, 0.4, 0.35, 0.35, 0.35, 0.35, 0.35, 0.3,
      0.3, 0.3, 0.3, 0.3, 0.25, 0.25, 0.25, 0.25, 0.25, 0.25, 0.2, 0.2, 0.2, 0.2, 0.2, 0.2, 0.2, 0.2, 0.2, 0.2,
      0.1, 0.1, 0.1, 0.1, 0.1, 0.1, 0.1, 0.1, 0.1, 0.1, 0.1, 0.1, 0.1, 0.1, 0.1, 0.1, 0.1, 0.1, 0.1, 0.1,
      0.1, 0.1, 0.1, 0.1, 0.05, 0.05, 0.05, 0.05, 0.05, 0.05, 0.05, 0.05, 0.05, 0.05, 0.00, 0.00, 0.00, 0.00, 0.00, 0.00,
      0.00, 0.00, 0.00, 0.00, 0.00, 0.00, 0.00, 0.00, 0.00, 0.00, 0.00, 0.00, 0.00, 0.00, 0.00, 0.00, 0.00, 0.00, 0.00, 0.00,
      0.00, 0.00, 0.00, 0.00
    ]
  },
  "fertilityRates": {
    "Male": [
      0.00, 0.00, 0.00, 0.00, 0.00, 0.00, 0.00, 0.00, 0.00, 0.00, 
      0.00, 0.00, 0.00, 0.00, 0.00, 0.00, 0.00, 0.00, 0.00, 0.00, 
      0.00, 0.00, 0.00, 0.00, 0.00, 0.00, 0.00, 0.00, 0.00, 0.00, 
      0.00, 0.00, 0.00, 0.00, 0.00, 0.00, 0.00, 0.00, 0.00, 0.00, 
      0.00, 0.00, 0.00, 0.00, 0.00, 0.00, 0.00, 0.00, 0.00, 0.00, 
      0.00, 0.00, 0.00, 0.00, 0.00, 0.00, 0.00, 0.00, 0.00, 0.00, 
      0.00, 0.00, 0.00, 0.00, 0.00, 0.00, 0.00, 0.00, 0.00, 0.00, 
      0.00, 0.00, 0.00, 0.00, 0.00, 0.00, 0.00, 0.00, 0.00, 0.00, 
      0.00, 0.00, 0.00, 0.00, 0.00, 0.00, 0.00, 0.00, 0.00, 0.00, 
      0.00, 0.00, 0.00, 0.00, 0.00, 0.00, 0.00, 0.00, 0.00, 0.00,
	  0.00, 0.00, 0.00, 0.00, 0.00, 0.00, 0.00, 0.00, 0.00, 0.00,
      0.00, 0.00, 0.00, 0.00, 0.00, 0.00, 0.00, 0.00, 0.00, 0.00, 0.00
    ],
    "Female": [
      0.00, 0.00, 0.00, 0.00, 0.00, 0.00, 0.00, 0.00, 0.00, 0.00, 
      0.00, 0.00, 0.00, 0.00, 0.00, 0.00, 0.00, 0.01, 0.01, 0.01, 
      0.02, 0.04, 0.06, 0.08, 0.10, 0.12, 0.14, 0.16, 0.18, 0.20, 
      0.22, 0.24, 0.26, 0.28, 0.30, 0.28, 0.26, 0.24, 0.22, 0.20, 
      0.18, 0.16, 0.14, 0.12, 0.10, 0.08, 0.06, 0.04, 0.02, 0.01, 
      0.00, 0.00, 0.00, 0.00, 0.00, 0.00, 0.00, 0.00, 0.00, 0.00, 
      0.00, 0.00, 0.00, 0.00, 0.00, 0.00, 0.00, 0.00, 0.00, 0.00, 
      0.00, 0.00, 0.00, 0.00, 0.00, 0.00, 0.00, 0.00, 0.00, 0.00, 
      0.00, 0.00, 0.00, 0.00, 0.00, 0.00, 0.00, 0.00, 0.00, 0.00, 
      0.00, 0.00, 0.00, 0.00, 0.00, 0.00, 0.00, 0.00, 0.00, 0.00,
      0.00, 0.00, 0.00, 0.00, 0.00, 0.00, 0.00, 0.00, 0.00, 0.00,	  
      0.00, 0.00, 0.00, 0.00, 0.00, 0.00, 0.00, 0.00, 0.00, 0.00, 0.00
    ]
  },
  "marriageMaxAgeDifference": 5,
  "maximumNumberOfChildren": 5,
  "minimumYearsBetweenChildren": 2,
  "bastardyChanceMale": 0.00075,
  "bastardyChanceFemale": 0.00025
}
