{
    "desperationMarriageRates": [
        0,
        0,
        0,
        0,
        0,
        0,
        0,
        0,
        0,
        0,
        0,
        0,
        0,
        0,
        0,
        0,
        0,
        0,
        0,
        0,
        0,
        0,
        0,
        0,
        0,
        0,
        0,
        0,
        0.1,
        0.1,
        0.2,
        0.2,
        0.2,
        0.2,
        0.2,
        0.2,
        0.2,
        0.2,
        0.2,
        0.2,
        0.2,
        0.2,
        0.2,
        0.2,
        0.2,
        0.2,
        0.2,
        0.2,
        0.2,
        0.2,
        0.2,
        0,
        0,
        0,
        0,
        0,
        0,
        0,
        0,
        0,
        0,
        0,
        0,
        0,
        0,
        0,
        0,
        0,
        0,
        0,
        0,
        0,
        0,
        0,
        0,
        0,
        0,
        0,
        0,
        0,
        0,
        0,
        0,
        0,
        0,
        0,
        0,
        0,
        0,
        0,
        0,
        0,
        0,
        0,
        0,
        0,
        0,
        0,
        0,
        0,
        0,
        0,
        0,
        0,
        0,
        0,
        0,
        0,
        0,
        0,
        0,
        0,
        0,
        0,
        0,
        0,
        0,
        0,
        0,
        0,
        0
    ],
    "mortalityRates": {
        "Male": [
            0.05,
            0.04,
            0.03,
            0.02,
            0.01,
            0.005,
            0.001,
            0.0001,
            0.00012,
            0.00015,
            0.00017,
            0.0002,
            0.00022,
            0.00025,
            0.00027,
            0.0003,
            0.00042,
            0.00055,
            0.00061,
            0.00069,
            0.0007,
            0.00071,
            0.00073,
            0.00075,
            0.00078,
            0.00082,
            0.00086,
            0.0009,
            0.00095,
            0.00101,
            0.00108,
            0.00115,
            0.00123,
            0.00132,
            0.00141,
            0.00152,
            0.00163,
            0.00175,
            0.00189,
            0.00203,
            0.00219,
            0.00236,
            0.00255,
            0.00274,
            0.00296,
            0.00319,
            0.00344,
            0.00371,
            0.00401,
            0.00433,
            0.00468,
            0.00506,
            0.00548,
            0.00594,
            0.00645,
            0.00702,
            0.00767,
            0.00839,
            0.00921,
            0.00999,
            0.01071,
            0.01155,
            0.01251,
            0.01361,
            0.01486,
            0.0163,
            0.01794,
            0.01981,
            0.02194,
            0.02437,
            0.02713,
            0.03028,
            0.03385,
            0.03791,
            0.04253,
            0.04775,
            0.05366,
            0.06034,
            0.06786,
            0.07632,
            0.0858,
            0.0964,
            0.1082,
            0.1213,
            0.13578,
            0.1517,
            0.16912,
            0.18808,
            0.2086,
            0.23069,
            0.25486,
            0.28132,
            0.31008,
            0.3411,
            0.37358,
            0.40661,
            0.44009,
            0.47349,
            0.5062,
            0.53757,
            0.56693,
            0.59356,
            0.6168,
            0.63597,
            0.65224,
            0.66838,
            0.68416,
            0.69958,
            0.71464,
            0.72937,
            0.74375,
            0.75781,
            0.77154,
            0.78496,
            0.79808,
            0.81089,
            0.8234,
            0.83563,
            0.84757,
            0.85952,
            1
        ],
        "Female": [
            0.05,
            0.04,
            0.03,
            0.02,
            0.01,
            0.005,
            0.001,
            0.0001,
            0.00012,
            0.00013,
            0.00014,
            0.00016,
            0.00017,
            0.00018,
            0.00019,
            0.00021,
            0.00021,
            0.00029,
            0.00027,
            0.00026,
            0.00027,
            0.00028,
            0.00029,
            0.00031,
            0.00033,
            0.00035,
            0.00038,
            0.00041,
            0.00044,
            0.00048,
            0.00052,
            0.00057,
            0.00062,
            0.00068,
            0.00074,
            0.00081,
            0.00089,
            0.00097,
            0.00106,
            0.00115,
            0.00126,
            0.00137,
            0.00149,
            0.00163,
            0.00177,
            0.00192,
            0.00208,
            0.00226,
            0.00245,
            0.00265,
            0.00287,
            0.00311,
            0.00338,
            0.00367,
            0.00399,
            0.00434,
            0.00474,
            0.0052,
            0.00571,
            0.00611,
            0.00638,
            0.00672,
            0.00713,
            0.00764,
            0.00824,
            0.00895,
            0.00978,
            0.01076,
            0.01191,
            0.01325,
            0.01482,
            0.01664,
            0.01877,
            0.02124,
            0.02412,
            0.02746,
            0.03134,
            0.03583,
            0.04103,
            0.04702,
            0.05392,
            0.06184,
            0.07089,
            0.08119,
            0.09286,
            0.10602,
            0.12076,
            0.13717,
            0.15531,
            0.1752,
            0.19705,
            0.22098,
            0.24697,
            0.27491,
            0.30495,
            0.3365,
            0.3687,
            0.40102,
            0.43284,
            0.46349,
            0.49227,
            0.51843,
            0.54124,
            0.56002,
            0.57969,
            0.60277,
            0.62512,
            0.64678,
            0.66778,
            0.68813,
            0.70785,
            0.72697,
            0.74551,
            0.76348,
            0.78091,
            0.79781,
            0.8142,
            0.8301,
            0.84552,
            0.86094,
            1
        ]
    },